datetime,wind speed at 100m (m/s)
2012-10-01 00:00:00,2.325
2012-10-01 00:10:00,2.575
2012-10-01 00:20:00,2.908
2012-10-01 00:30:00,3.082
2012-10-01 00:40:00,3.088
2012-10-01 00:50:00,3.103
2012-10-01 01:00:00,3.21
2012-10-01 01:10:00,3.326
2012-10-01 01:20:00,3.302
2012-10-01 01:30:00,3.216
2012-10-01 01:40:00,3.088
2012-10-01 01:50:00,2.911
2012-10-01 02:00:00,2.7
2012-10-01 02:10:00,2.682
2012-10-01 02:20:00,2.639
2012-10-01 02:30:00,2.38
2012-10-01 02:40:00,2.203
2012-10-01 02:50:00,2.099
2012-10-01 03:00:00,1.861
2012-10-01 03:10:00,1.715
2012-10-01 03:20:00,1.458
2012-10-01 03:30:00,1.321
2012-10-01 03:40:00,1.196
2012-10-01 03:50:00,1.236
2012-10-01 04:00:00,1.26
2012-10-01 04:10:00,1.214
2012-10-01 04:20:00,1.281
2012-10-01 04:30:00,1.336
2012-10-01 04:40:00,1.431
2012-10-01 04:50:00,1.568
2012-10-01 05:00:00,1.644
2012-10-01 05:10:00,1.77
2012-10-01 05:20:00,1.959
2012-10-01 05:30:00,2.191
2012-10-01 05:40:00,2.505
2012-10-01 05:50:00,2.71
2012-10-01 06:00:00,3.045
2012-10-01 06:10:00,3.543
2012-10-01 06:20:00,4.08
2012-10-01 06:30:00,4.461
2012-10-01 06:40:00,4.855
2012-10-01 06:50:00,5.392
2012-10-01 07:00:00,5.865
2012-10-01 07:10:00,5.929
2012-10-01 07:20:00,5.948
2012-10-01 07:30:00,6.192
2012-10-01 07:40:00,6.854
2012-10-01 07:50:00,7.873
2012-10-01 08:00:00,9.012
2012-10-01 08:10:00,9.787
2012-10-01 08:20:00,10.379
2012-10-01 08:30:00,10.632
2012-10-01 08:40:00,10.858
2012-10-01 08:50:00,11.001
2012-10-01 09:00:00,11.096
2012-10-01 09:10:00,11.187
2012-10-01 09:20:00,11.334
2012-10-01 09:30:00,11.328
2012-10-01 09:40:00,11.264
2012-10-01 09:50:00,11.337
2012-10-01 10:00:00,11.328
2012-10-01 10:10:00,11.358
2012-10-01 10:20:00,11.386
2012-10-01 10:30:00,11.49
2012-10-01 10:40:00,11.523
2012-10-01 10:50:00,11.523
2012-10-01 11:00:00,11.508
2012-10-01 11:10:00,11.633
2012-10-01 11:20:00,11.557
2012-10-01 11:30:00,11.648
2012-10-01 11:40:00,11.746
2012-10-01 11:50:00,11.712
2012-10-01 12:00:00,11.633
2012-10-01 12:10:00,11.669
2012-10-01 12:20:00,11.621
2012-10-01 12:30:00,11.59
2012-10-01 12:40:00,11.648
2012-10-01 12:50:00,11.66
2012-10-01 13:00:00,11.746
2012-10-01 13:10:00,11.715
2012-10-01 13:20:00,11.694
2012-10-01 13:30:00,11.688
2012-10-01 13:40:00,11.813
2012-10-01 13:50:00,11.947
2012-10-01 14:00:00,12.133
2012-10-01 14:10:00,12.295
2012-10-01 14:20:00,12.344
2012-10-01 14:30:00,12.49
2012-10-01 14:40:00,12.622
2012-10-01 14:50:00,12.695
2012-10-01 15:00:00,12.774
2012-10-01 15:10:00,12.97
2012-10-01 15:20:00,13.034
2012-10-01 15:30:00,13.04
2012-10-01 15:40:00,13.006
2012-10-01 15:50:00,12.936
2012-10-01 16:00:00,12.966
2012-10-01 16:10:00,13.003
2012-10-01 16:20:00,13.098
2012-10-01 16:30:00,13.198
2012-10-01 16:40:00,13.357
2012-10-01 16:50:00,13.476
2012-10-01 17:00:00,13.375
2012-10-01 17:10:00,13.375
2012-10-01 17:20:00,13.391
2012-10-01 17:30:00,13.189
2012-10-01 17:40:00,13.287
2012-10-01 17:50:00,13.656
2012-10-01 18:00:00,13.686
2012-10-01 18:10:00,13.278
2012-10-01 18:20:00,12.933
2012-10-01 18:30:00,12.789
2012-10-01 18:40:00,12.817
2012-10-01 18:50:00,13.244
2012-10-01 19:00:00,13.967
2012-10-01 19:10:00,14.602
2012-10-01 19:20:00,15.017
2012-10-01 19:30:00,15.45
2012-10-01 19:40:00,15.92
2012-10-01 19:50:00,16.409
2012-10-01 20:00:00,16.799
2012-10-01 20:10:00,16.885
2012-10-01 20:20:00,16.461
2012-10-01 20:30:00,15.774
2012-10-01 20:40:00,15.133
2012-10-01 20:50:00,14.489
2012-10-01 21:00:00,14.401
2012-10-01 21:10:00,14.642
2012-10-01 21:20:00,14.679
2012-10-01 21:30:00,15.133
2012-10-01 21:40:00,15.396
2012-10-01 21:50:00,15.79
2012-10-01 22:00:00,16.293
2012-10-01 22:10:00,16.476
2012-10-01 22:20:00,17.023
2012-10-01 22:30:00,16.605
2012-10-01 22:40:00,17.105
2012-10-01 22:50:00,17.838
2012-10-01 23:00:00,18.125
2012-10-01 23:10:00,18.369
2012-10-01 23:20:00,18.353
2012-10-01 23:30:00,18.097
2012-10-01 23:40:00,18.366
2012-10-01 23:50:00,18.799
2012-10-02 00:00:00,18.964
2012-10-02 00:10:00,18.998
2012-10-02 00:20:00,18.937
2012-10-02 00:30:00,18.308
2012-10-02 00:40:00,18.314
2012-10-02 00:50:00,17.737
2012-10-02 01:00:00,17.2
2012-10-02 01:10:00,17.402
2012-10-02 01:20:00,17.243
2012-10-02 01:30:00,17.548
2012-10-02 01:40:00,18.247
2012-10-02 01:50:00,18.817
2012-10-02 02:00:00,18.503
2012-10-02 02:10:00,17.694
2012-10-02 02:20:00,16.752
2012-10-02 02:30:00,16.074
2012-10-02 02:40:00,15.616
2012-10-02 02:50:00,15.924
2012-10-02 03:00:00,17.462
2012-10-02 03:10:00,18.612
2012-10-02 03:20:00,18.997
2012-10-02 03:30:00,19.015
2012-10-02 03:40:00,18.811
2012-10-02 03:50:00,18.414
2012-10-02 04:00:00,17.798
2012-10-02 04:10:00,17.227
2012-10-02 04:20:00,16.949
2012-10-02 04:30:00,17.068
2012-10-02 04:40:00,17.621
2012-10-02 04:50:00,18.072
2012-10-02 05:00:00,18.747
2012-10-02 05:10:00,19.293
2012-10-02 05:20:00,18.921
2012-10-02 05:30:00,18.262
2012-10-02 05:40:00,16.91
2012-10-02 05:50:00,16.419
2012-10-02 06:00:00,16.733
2012-10-02 06:10:00,16.394
2012-10-02 06:20:00,15.5
2012-10-02 06:30:00,17.258
2012-10-02 06:40:00,17.706
2012-10-02 06:50:00,17.679
2012-10-02 07:00:00,17.035
2012-10-02 07:10:00,15.759
2012-10-02 07:20:00,14.575
2012-10-02 07:30:00,14.526
2012-10-02 07:40:00,14.899
2012-10-02 07:50:00,14.526
2012-10-02 08:00:00,14.462
2012-10-02 08:10:00,14.194
2012-10-02 08:20:00,14.31
2012-10-02 08:30:00,14.691
2012-10-02 08:40:00,14.902
2012-10-02 08:50:00,15.375
2012-10-02 09:00:00,16.778
2012-10-02 09:10:00,16.839
2012-10-02 09:20:00,15.817
2012-10-02 09:30:00,16.464
2012-10-02 09:40:00,16.317
2012-10-02 09:50:00,15.252
2012-10-02 10:00:00,14.828
2012-10-02 10:10:00,14.813
2012-10-02 10:20:00,15.649
2012-10-02 10:30:00,15.503
2012-10-02 10:40:00,15.668
2012-10-02 10:50:00,15.472
2012-10-02 11:00:00,14.893
2012-10-02 11:10:00,15.051
2012-10-02 11:20:00,14.99
2012-10-02 11:30:00,14.487
2012-10-02 11:40:00,14.422
2012-10-02 11:50:00,15.314
2012-10-02 12:00:00,15.246
2012-10-02 12:10:00,15.121
2012-10-02 12:20:00,15.014
2012-10-02 12:30:00,15.008
2012-10-02 12:40:00,14.642
2012-10-02 12:50:00,14.828
2012-10-02 13:00:00,14.737
2012-10-02 13:10:00,14.239
2012-10-02 13:20:00,13.69
2012-10-02 13:30:00,13.568
2012-10-02 13:40:00,13.278
2012-10-02 13:50:00,12.979
2012-10-02 14:00:00,12.726
2012-10-02 14:10:00,12.765
2012-10-02 14:20:00,12.671
2012-10-02 14:30:00,12.481
2012-10-02 14:40:00,12.756
2012-10-02 14:50:00,12.79
2012-10-02 15:00:00,12.246
2012-10-02 15:10:00,11.523
2012-10-02 15:20:00,11.038
2012-10-02 15:30:00,10.815
2012-10-02 15:40:00,10.534
2012-10-02 15:50:00,10.406
2012-10-02 16:00:00,10.434
2012-10-02 16:10:00,10.412
2012-10-02 16:20:00,10.006
2012-10-02 16:30:00,9.64
2012-10-02 16:40:00,9.851
2012-10-02 16:50:00,9.714
2012-10-02 17:00:00,9.83
2012-10-02 17:10:00,9.558
2012-10-02 17:20:00,9.286
2012-10-02 17:30:00,9.237
2012-10-02 17:40:00,9.295
2012-10-02 17:50:00,9.408
2012-10-02 18:00:00,9.399
2012-10-02 18:10:00,9.237
2012-10-02 18:20:00,8.432
2012-10-02 18:30:00,8.685
2012-10-02 18:40:00,8.911
2012-10-02 18:50:00,9.164
2012-10-02 19:00:00,8.749
2012-10-02 19:10:00,8.429
2012-10-02 19:20:00,8.285
2012-10-02 19:30:00,8.191
2012-10-02 19:40:00,8.227
2012-10-02 19:50:00,8.041
2012-10-02 20:00:00,7.98
2012-10-02 20:10:00,7.772
2012-10-02 20:20:00,7.605
2012-10-02 20:30:00,7.449
2012-10-02 20:40:00,7.263
2012-10-02 20:50:00,7.022
2012-10-02 21:00:00,6.799
2012-10-02 21:10:00,6.707
2012-10-02 21:20:00,6.637
2012-10-02 21:30:00,6.469
2012-10-02 21:40:00,6.43
2012-10-02 21:50:00,6.488
2012-10-02 22:00:00,6.625
2012-10-02 22:10:00,6.53
2012-10-02 22:20:00,6.17
2012-10-02 22:30:00,5.899
2012-10-02 22:40:00,5.819
2012-10-02 22:50:00,5.639
2012-10-02 23:00:00,5.426
2012-10-02 23:10:00,5.438
2012-10-02 23:20:00,5.652
2012-10-02 23:30:00,5.868
2012-10-02 23:40:00,5.887
2012-10-02 23:50:00,5.856
2012-10-03 00:00:00,5.838
2012-10-03 00:10:00,5.627
2012-10-03 00:20:00,5.255
2012-10-03 00:30:00,4.8
2012-10-03 00:40:00,4.336
2012-10-03 00:50:00,3.933
2012-10-03 01:00:00,3.644
2012-10-03 01:10:00,3.497
2012-10-03 01:20:00,3.408
2012-10-03 01:30:00,3.427
2012-10-03 01:40:00,3.564
2012-10-03 01:50:00,3.82
2012-10-03 02:00:00,3.958
2012-10-03 02:10:00,3.881
2012-10-03 02:20:00,3.716
2012-10-03 02:30:00,3.564
2012-10-03 02:40:00,3.396
2012-10-03 02:50:00,3.219
2012-10-03 03:00:00,3.143
2012-10-03 03:10:00,3.213
2012-10-03 03:20:00,3.362
2012-10-03 03:30:00,3.43
2012-10-03 03:40:00,3.32
2012-10-03 03:50:00,3.085
2012-10-03 04:00:00,2.893
2012-10-03 04:10:00,2.74
2012-10-03 04:20:00,2.697
2012-10-03 04:30:00,2.722
2012-10-03 04:40:00,2.755
2012-10-03 04:50:00,2.685
2012-10-03 05:00:00,2.581
2012-10-03 05:10:00,2.532
2012-10-03 05:20:00,2.554
2012-10-03 05:30:00,2.664
2012-10-03 05:40:00,2.734
2012-10-03 05:50:00,2.774
2012-10-03 06:00:00,2.822
2012-10-03 06:10:00,2.899
2012-10-03 06:20:00,2.975
2012-10-03 06:30:00,3.094
2012-10-03 06:40:00,3.219
2012-10-03 06:50:00,3.412
2012-10-03 07:00:00,3.604
2012-10-03 07:10:00,3.802
2012-10-03 07:20:00,3.994
2012-10-03 07:30:00,4.168
2012-10-03 07:40:00,4.159
2012-10-03 07:50:00,4.15
2012-10-03 08:00:00,4.153
2012-10-03 08:10:00,4.162
2012-10-03 08:20:00,4.239
2012-10-03 08:30:00,4.303
2012-10-03 08:40:00,4.425
2012-10-03 08:50:00,4.547
2012-10-03 09:00:00,4.715
2012-10-03 09:10:00,4.941
2012-10-03 09:20:00,5.136
2012-10-03 09:30:00,5.276
2012-10-03 09:40:00,5.404
2012-10-03 09:50:00,5.554
2012-10-03 10:00:00,5.697
2012-10-03 10:10:00,5.636
2012-10-03 10:20:00,5.395
2012-10-03 10:30:00,5.218
2012-10-03 10:40:00,5.209
2012-10-03 10:50:00,5.316
2012-10-03 11:00:00,5.502
2012-10-03 11:10:00,5.459
2012-10-03 11:20:00,5.319
2012-10-03 11:30:00,5.316
2012-10-03 11:40:00,5.411
2012-10-03 11:50:00,5.542
2012-10-03 12:00:00,5.661
2012-10-03 12:10:00,5.688
2012-10-03 12:20:00,5.676
2012-10-03 12:30:00,5.6
2012-10-03 12:40:00,5.542
2012-10-03 12:50:00,5.551
2012-10-03 13:00:00,5.627
2012-10-03 13:10:00,5.697
2012-10-03 13:20:00,5.67
2012-10-03 13:30:00,5.633
2012-10-03 13:40:00,5.584
2012-10-03 13:50:00,5.533
2012-10-03 14:00:00,5.459
2012-10-03 14:10:00,5.423
2012-10-03 14:20:00,5.435
2012-10-03 14:30:00,5.42
2012-10-03 14:40:00,5.423
2012-10-03 14:50:00,5.423
2012-10-03 15:00:00,5.423
2012-10-03 15:10:00,5.401
2012-10-03 15:20:00,5.331
2012-10-03 15:30:00,5.285
2012-10-03 15:40:00,5.215
2012-10-03 15:50:00,5.06
2012-10-03 16:00:00,4.901
2012-10-03 16:10:00,4.791
2012-10-03 16:20:00,4.629
2012-10-03 16:30:00,4.446
2012-10-03 16:40:00,4.275
2012-10-03 16:50:00,4.153
2012-10-03 17:00:00,4.12
2012-10-03 17:10:00,4.092
2012-10-03 17:20:00,4.138
2012-10-03 17:30:00,4.181
2012-10-03 17:40:00,4.281
2012-10-03 17:50:00,4.379
2012-10-03 18:00:00,4.467
2012-10-03 18:10:00,4.538
2012-10-03 18:20:00,4.635
2012-10-03 18:30:00,4.751
2012-10-03 18:40:00,4.791
2012-10-03 18:50:00,4.821
2012-10-03 19:00:00,4.83
2012-10-03 19:10:00,4.803
2012-10-03 19:20:00,4.766
2012-10-03 19:30:00,4.806
2012-10-03 19:40:00,4.87
2012-10-03 19:50:00,4.818
2012-10-03 20:00:00,4.843
2012-10-03 20:10:00,4.84
2012-10-03 20:20:00,4.889
2012-10-03 20:30:00,4.901
2012-10-03 20:40:00,4.828
2012-10-03 20:50:00,4.825
2012-10-03 21:00:00,4.953
2012-10-03 21:10:00,5.056
2012-10-03 21:20:00,5.38
2012-10-03 21:30:00,5.575
2012-10-03 21:40:00,5.896
2012-10-03 21:50:00,6.222
2012-10-03 22:00:00,6.387
2012-10-03 22:10:00,6.485
2012-10-03 22:20:00,6.512
2012-10-03 22:30:00,6.378
2012-10-03 22:40:00,6.253
2012-10-03 22:50:00,6.164
2012-10-03 23:00:00,6.052
2012-10-03 23:10:00,6.192
2012-10-03 23:20:00,6.241
2012-10-03 23:30:00,6.47
2012-10-03 23:40:00,6.836
2012-10-03 23:50:00,7.187
2012-10-04 00:00:00,7.724
2012-10-04 00:10:00,7.989
2012-10-04 00:20:00,8.115
2012-10-04 00:30:00,8.172
2012-10-04 00:40:00,8.188
2012-10-04 00:50:00,8.246
2012-10-04 01:00:00,8.316
2012-10-04 01:10:00,8.472
2012-10-04 01:20:00,8.52
2012-10-04 01:30:00,8.697
2012-10-04 01:40:00,8.868
2012-10-04 01:50:00,8.929
2012-10-04 02:00:00,9.0
2012-10-04 02:10:00,9.201
2012-10-04 02:20:00,9.442
2012-10-04 02:30:00,9.622
2012-10-04 02:40:00,9.585
2012-10-04 02:50:00,9.558
2012-10-04 03:00:00,9.729
2012-10-04 03:10:00,9.726
2012-10-04 03:20:00,9.662
2012-10-04 03:30:00,9.567
2012-10-04 03:40:00,9.387
2012-10-04 03:50:00,9.253
2012-10-04 04:00:00,9.045
2012-10-04 04:10:00,8.884
2012-10-04 04:20:00,8.908
2012-10-04 04:30:00,8.893
2012-10-04 04:40:00,8.798
2012-10-04 04:50:00,8.728
2012-10-04 05:00:00,8.627
2012-10-04 05:10:00,8.514
2012-10-04 05:20:00,8.42
2012-10-04 05:30:00,8.374
2012-10-04 05:40:00,8.237
2012-10-04 05:50:00,8.13
2012-10-04 06:00:00,8.118
2012-10-04 06:10:00,8.087
2012-10-04 06:20:00,8.084
2012-10-04 06:30:00,8.081
2012-10-04 06:40:00,8.102
2012-10-04 06:50:00,8.136
2012-10-04 07:00:00,8.169
2012-10-04 07:10:00,8.093
2012-10-04 07:20:00,8.047
2012-10-04 07:30:00,8.023
2012-10-04 07:40:00,7.95
2012-10-04 07:50:00,7.849
2012-10-04 08:00:00,7.867
2012-10-04 08:10:00,8.029
2012-10-04 08:20:00,8.157
2012-10-04 08:30:00,8.111
2012-10-04 08:40:00,8.059
2012-10-04 08:50:00,8.02
2012-10-04 09:00:00,8.139
2012-10-04 09:10:00,8.175
2012-10-04 09:20:00,8.294
2012-10-04 09:30:00,8.355
2012-10-04 09:40:00,8.261
2012-10-04 09:50:00,8.313
2012-10-04 10:00:00,8.493
2012-10-04 10:10:00,8.77
2012-10-04 10:20:00,9.012
2012-10-04 10:30:00,9.112
2012-10-04 10:40:00,9.112
2012-10-04 10:50:00,9.225
2012-10-04 11:00:00,9.28
2012-10-04 11:10:00,9.207
2012-10-04 11:20:00,9.152
2012-10-04 11:30:00,9.17
2012-10-04 11:40:00,9.286
2012-10-04 11:50:00,9.417
2012-10-04 12:00:00,9.463
2012-10-04 12:10:00,9.378
2012-10-04 12:20:00,9.256
2012-10-04 12:30:00,9.402
2012-10-04 12:40:00,9.646
2012-10-04 12:50:00,9.842
2012-10-04 13:00:00,9.973
2012-10-04 13:10:00,9.86
2012-10-04 13:20:00,9.704
2012-10-04 13:30:00,9.591
2012-10-04 13:40:00,9.457
2012-10-04 13:50:00,9.359
2012-10-04 14:00:00,9.314
2012-10-04 14:10:00,9.234
2012-10-04 14:20:00,9.112
2012-10-04 14:30:00,9.082
2012-10-04 14:40:00,9.198
2012-10-04 14:50:00,9.308
2012-10-04 15:00:00,9.167
2012-10-04 15:10:00,8.99
2012-10-04 15:20:00,8.874
2012-10-04 15:30:00,8.716
2012-10-04 15:40:00,8.536
2012-10-04 15:50:00,8.536
2012-10-04 16:00:00,8.478
2012-10-04 16:10:00,8.319
2012-10-04 16:20:00,8.053
2012-10-04 16:30:00,7.821
2012-10-04 16:40:00,7.736
2012-10-04 16:50:00,7.638
2012-10-04 17:00:00,7.608
2012-10-04 17:10:00,7.831
2012-10-04 17:20:00,8.014
2012-10-04 17:30:00,7.946
2012-10-04 17:40:00,7.385
2012-10-04 17:50:00,7.098
2012-10-04 18:00:00,6.842
2012-10-04 18:10:00,6.72
2012-10-04 18:20:00,6.494
2012-10-04 18:30:00,6.146
2012-10-04 18:40:00,5.658
2012-10-04 18:50:00,5.417
2012-10-04 19:00:00,5.179
2012-10-04 19:10:00,5.026
2012-10-04 19:20:00,4.693
2012-10-04 19:30:00,4.599
2012-10-04 19:40:00,4.58
2012-10-04 19:50:00,4.556
2012-10-04 20:00:00,4.153
2012-10-04 20:10:00,3.729
2012-10-04 20:20:00,3.375
2012-10-04 20:30:00,3.198
2012-10-04 20:40:00,2.963
2012-10-04 20:50:00,3.304
2012-10-04 21:00:00,3.494
2012-10-04 21:10:00,3.295
2012-10-04 21:20:00,3.112
2012-10-04 21:30:00,2.682
2012-10-04 21:40:00,2.264
2012-10-04 21:50:00,2.096
2012-10-04 22:00:00,2.05
2012-10-04 22:10:00,1.776
2012-10-04 22:20:00,1.556
2012-10-04 22:30:00,1.348
2012-10-04 22:40:00,0.985
2012-10-04 22:50:00,0.781
2012-10-04 23:00:00,0.512
2012-10-04 23:10:00,0.341
2012-10-04 23:20:00,0.506
2012-10-04 23:30:00,0.338
2012-10-04 23:40:00,0.387
2012-10-04 23:50:00,0.717
2012-10-05 00:00:00,0.793
2012-10-05 00:10:00,1.022
2012-10-05 00:20:00,0.616
2012-10-05 00:30:00,0.961
2012-10-05 00:40:00,1.037
2012-10-05 00:50:00,1.156
2012-10-05 01:00:00,1.577
2012-10-05 01:10:00,1.73
2012-10-05 01:20:00,2.084
2012-10-05 01:30:00,2.493
2012-10-05 01:40:00,2.722
2012-10-05 01:50:00,2.874
2012-10-05 02:00:00,3.122
2012-10-05 02:10:00,3.265
2012-10-05 02:20:00,3.262
2012-10-05 02:30:00,3.479
2012-10-05 02:40:00,3.885
2012-10-05 02:50:00,4.214
2012-10-05 03:00:00,4.544
2012-10-05 03:10:00,5.041
2012-10-05 03:20:00,5.426
2012-10-05 03:30:00,5.752
2012-10-05 03:40:00,5.996
2012-10-05 03:50:00,6.125
2012-10-05 04:00:00,6.573
2012-10-05 04:10:00,7.013
2012-10-05 04:20:00,7.269
2012-10-05 04:30:00,7.669
2012-10-05 04:40:00,8.066
2012-10-05 04:50:00,8.102
2012-10-05 05:00:00,8.185
2012-10-05 05:10:00,8.173
2012-10-05 05:20:00,7.834
2012-10-05 05:30:00,7.907
2012-10-05 05:40:00,8.267
2012-10-05 05:50:00,8.591
2012-10-05 06:00:00,8.923
2012-10-05 06:10:00,8.756
2012-10-05 06:20:00,8.56
2012-10-05 06:30:00,8.383
2012-10-05 06:40:00,8.273
2012-10-05 06:50:00,8.368
2012-10-05 07:00:00,8.469
2012-10-05 07:10:00,8.731
2012-10-05 07:20:00,9.347
2012-10-05 07:30:00,9.955
2012-10-05 07:40:00,10.556
2012-10-05 07:50:00,10.626
2012-10-05 08:00:00,11.041
2012-10-05 08:10:00,11.395
2012-10-05 08:20:00,11.233
2012-10-05 08:30:00,11.255
2012-10-05 08:40:00,11.185
2012-10-05 08:50:00,11.032
2012-10-05 09:00:00,10.748
2012-10-05 09:10:00,10.489
2012-10-05 09:20:00,10.507
2012-10-05 09:30:00,10.782
2012-10-05 09:40:00,11.163
2012-10-05 09:50:00,11.304
2012-10-05 10:00:00,11.276
2012-10-05 10:10:00,11.087
2012-10-05 10:20:00,11.066
2012-10-05 10:30:00,11.154
2012-10-05 10:40:00,11.111
2012-10-05 10:50:00,10.928
2012-10-05 11:00:00,11.12
2012-10-05 11:10:00,11.404
2012-10-05 11:20:00,11.487
2012-10-05 11:30:00,11.609
2012-10-05 11:40:00,11.709
2012-10-05 11:50:00,11.835
2012-10-05 12:00:00,11.822
2012-10-05 12:10:00,11.676
2012-10-05 12:20:00,11.688
2012-10-05 12:30:00,12.42
2012-10-05 12:40:00,12.454
2012-10-05 12:50:00,12.21
2012-10-05 13:00:00,12.17
2012-10-05 13:10:00,11.914
2012-10-05 13:20:00,11.752
2012-10-05 13:30:00,11.841
2012-10-05 13:40:00,12.063
2012-10-05 13:50:00,12.207
2012-10-05 14:00:00,12.158
2012-10-05 14:10:00,12.253
2012-10-05 14:20:00,12.311
2012-10-05 14:30:00,12.393
2012-10-05 14:40:00,12.418
2012-10-05 14:50:00,12.433
2012-10-05 15:00:00,12.628
2012-10-05 15:10:00,12.778
2012-10-05 15:20:00,12.86
2012-10-05 15:30:00,12.973
2012-10-05 15:40:00,12.652
2012-10-05 15:50:00,12.149
2012-10-05 16:00:00,11.941
2012-10-05 16:10:00,11.85
2012-10-05 16:20:00,11.835
2012-10-05 16:30:00,12.109
2012-10-05 16:40:00,12.048
2012-10-05 16:50:00,11.95
2012-10-05 17:00:00,11.932
2012-10-05 17:10:00,11.685
2012-10-05 17:20:00,11.655
2012-10-05 17:30:00,11.572
2012-10-05 17:40:00,11.865
2012-10-05 17:50:00,12.091
2012-10-05 18:00:00,11.865
2012-10-05 18:10:00,11.789
2012-10-05 18:20:00,11.7
2012-10-05 18:30:00,12.011
2012-10-05 18:40:00,12.277
2012-10-05 18:50:00,12.173
2012-10-05 19:00:00,11.532
2012-10-05 19:10:00,11.325
2012-10-05 19:20:00,11.142
2012-10-05 19:30:00,10.705
2012-10-05 19:40:00,10.394
2012-10-05 19:50:00,10.174
2012-10-05 20:00:00,10.437
2012-10-05 20:10:00,10.595
2012-10-05 20:20:00,10.605
2012-10-05 20:30:00,10.779
2012-10-05 20:40:00,10.949
2012-10-05 20:50:00,10.946
2012-10-05 21:00:00,10.718
2012-10-05 21:10:00,10.431
2012-10-05 21:20:00,10.211
2012-10-05 21:30:00,10.034
2012-10-05 21:40:00,9.735
2012-10-05 21:50:00,9.457
2012-10-05 22:00:00,9.384
2012-10-05 22:10:00,9.305
2012-10-05 22:20:00,9.225
2012-10-05 22:30:00,9.134
2012-10-05 22:40:00,8.957
2012-10-05 22:50:00,8.987
2012-10-05 23:00:00,9.262
2012-10-05 23:10:00,9.476
2012-10-05 23:20:00,9.729
2012-10-05 23:30:00,9.891
2012-10-05 23:40:00,9.872
2012-10-05 23:50:00,9.726
2012-10-06 00:00:00,9.115
2012-10-06 00:10:00,8.618
2012-10-06 00:20:00,8.762
2012-10-06 00:30:00,8.755
2012-10-06 00:40:00,9.097
2012-10-06 00:50:00,9.842
2012-10-06 01:00:00,10.434
2012-10-06 01:10:00,10.531
2012-10-06 01:20:00,10.531
2012-10-06 01:30:00,10.586
2012-10-06 01:40:00,10.653
2012-10-06 01:50:00,10.699
2012-10-06 02:00:00,10.733
2012-10-06 02:10:00,10.724
2012-10-06 02:20:00,10.69
2012-10-06 02:30:00,10.623
2012-10-06 02:40:00,10.571
2012-10-06 02:50:00,10.537
2012-10-06 03:00:00,10.565
2012-10-06 03:10:00,10.617
2012-10-06 03:20:00,10.721
2012-10-06 03:30:00,10.797
2012-10-06 03:40:00,10.898
2012-10-06 03:50:00,11.001
2012-10-06 04:00:00,11.081
2012-10-06 04:10:00,10.983
2012-10-06 04:20:00,10.635
2012-10-06 04:30:00,10.104
2012-10-06 04:40:00,9.771
2012-10-06 04:50:00,9.878
2012-10-06 05:00:00,10.238
2012-10-06 05:10:00,10.54
2012-10-06 05:20:00,10.659
2012-10-06 05:30:00,10.672
2012-10-06 05:40:00,10.65
2012-10-06 05:50:00,10.656
2012-10-06 06:00:00,10.726
2012-10-06 06:10:00,10.9
2012-10-06 06:20:00,11.059
2012-10-06 06:30:00,11.245
2012-10-06 06:40:00,11.334
2012-10-06 06:50:00,11.3
2012-10-06 07:00:00,11.111
2012-10-06 07:10:00,10.855
2012-10-06 07:20:00,10.717
2012-10-06 07:30:00,10.635
2012-10-06 07:40:00,10.824
2012-10-06 07:50:00,10.943
2012-10-06 08:00:00,10.977
2012-10-06 08:10:00,11.138
2012-10-06 08:20:00,11.224
2012-10-06 08:30:00,11.251
2012-10-06 08:40:00,11.514
2012-10-06 08:50:00,11.929
2012-10-06 09:00:00,12.252
2012-10-06 09:10:00,12.454
2012-10-06 09:20:00,12.668
2012-10-06 09:30:00,12.906
2012-10-06 09:40:00,13.058
2012-10-06 09:50:00,13.129
2012-10-06 10:00:00,13.138
2012-10-06 10:10:00,13.095
2012-10-06 10:20:00,13.058
2012-10-06 10:30:00,13.064
2012-10-06 10:40:00,13.162
2012-10-06 10:50:00,13.235
2012-10-06 11:00:00,13.37
2012-10-06 11:10:00,13.345
2012-10-06 11:20:00,13.309
2012-10-06 11:30:00,13.254
2012-10-06 11:40:00,13.257
2012-10-06 11:50:00,13.275
2012-10-06 12:00:00,13.306
2012-10-06 12:10:00,13.303
2012-10-06 12:20:00,13.275
2012-10-06 12:30:00,13.312
2012-10-06 12:40:00,13.333
2012-10-06 12:50:00,13.373
2012-10-06 13:00:00,13.443
2012-10-06 13:10:00,13.443
2012-10-06 13:20:00,13.434
2012-10-06 13:30:00,13.486
2012-10-06 13:40:00,13.473
2012-10-06 13:50:00,13.495
2012-10-06 14:00:00,13.605
2012-10-06 14:10:00,13.635
2012-10-06 14:20:00,13.623
2012-10-06 14:30:00,13.623
2012-10-06 14:40:00,13.611
2012-10-06 14:50:00,13.614
2012-10-06 15:00:00,13.599
2012-10-06 15:10:00,13.605
2012-10-06 15:20:00,13.596
2012-10-06 15:30:00,13.638
2012-10-06 15:40:00,13.644
2012-10-06 15:50:00,13.614
2012-10-06 16:00:00,13.605
2012-10-06 16:10:00,13.599
2012-10-06 16:20:00,13.623
2012-10-06 16:30:00,13.635
2012-10-06 16:40:00,13.65
2012-10-06 16:50:00,13.595
2012-10-06 17:00:00,13.541
2012-10-06 17:10:00,13.525
2012-10-06 17:20:00,13.47
2012-10-06 17:30:00,13.428
2012-10-06 17:40:00,13.321
2012-10-06 17:50:00,13.251
2012-10-06 18:00:00,13.177
2012-10-06 18:10:00,13.101
2012-10-06 18:20:00,13.025
2012-10-06 18:30:00,12.955
2012-10-06 18:40:00,12.927
2012-10-06 18:50:00,12.973
2012-10-06 19:00:00,12.97
2012-10-06 19:10:00,12.909
2012-10-06 19:20:00,12.89
2012-10-06 19:30:00,12.894
2012-10-06 19:40:00,12.89
2012-10-06 19:50:00,12.851
2012-10-06 20:00:00,12.839
2012-10-06 20:10:00,12.814
2012-10-06 20:20:00,12.829
2012-10-06 20:30:00,12.802
2012-10-06 20:40:00,12.686
2012-10-06 20:50:00,12.604
2012-10-06 21:00:00,12.524
2012-10-06 21:10:00,12.39
2012-10-06 21:20:00,12.195
2012-10-06 21:30:00,12.005
2012-10-06 21:40:00,11.862
2012-10-06 21:50:00,11.773
2012-10-06 22:00:00,11.731
2012-10-06 22:10:00,11.719
2012-10-06 22:20:00,11.767
2012-10-06 22:30:00,11.789
2012-10-06 22:40:00,11.731
2012-10-06 22:50:00,11.673
2012-10-06 23:00:00,11.657
2012-10-06 23:10:00,11.63
2012-10-06 23:20:00,11.682
2012-10-06 23:30:00,11.691
2012-10-06 23:40:00,11.636
2012-10-06 23:50:00,11.596
2012-10-07 00:00:00,11.554
2012-10-07 00:10:00,11.401
2012-10-07 00:20:00,11.172
2012-10-07 00:30:00,11.044
2012-10-07 00:40:00,10.937
2012-10-07 00:50:00,10.769
2012-10-07 01:00:00,10.657
2012-10-07 01:10:00,10.635
2012-10-07 01:20:00,10.617
2012-10-07 01:30:00,10.531
2012-10-07 01:40:00,10.327
2012-10-07 01:50:00,10.132
2012-10-07 02:00:00,9.897
2012-10-07 02:10:00,9.744
2012-10-07 02:20:00,9.561
2012-10-07 02:30:00,9.366
2012-10-07 02:40:00,9.174
2012-10-07 02:50:00,8.945
2012-10-07 03:00:00,8.743
2012-10-07 03:10:00,8.597
2012-10-07 03:20:00,8.456
2012-10-07 03:30:00,8.395
2012-10-07 03:40:00,8.353
2012-10-07 03:50:00,8.292
2012-10-07 04:00:00,8.264
2012-10-07 04:10:00,8.237
2012-10-07 04:20:00,8.285
2012-10-07 04:30:00,8.359
2012-10-07 04:40:00,8.285
2012-10-07 04:50:00,8.252
2012-10-07 05:00:00,8.194
2012-10-07 05:10:00,8.313
2012-10-07 05:20:00,8.389
2012-10-07 05:30:00,8.401
2012-10-07 05:40:00,8.337
2012-10-07 05:50:00,8.313
2012-10-07 06:00:00,8.353
2012-10-07 06:10:00,8.435
2012-10-07 06:20:00,8.411
2012-10-07 06:30:00,8.319
2012-10-07 06:40:00,8.16
2012-10-07 06:50:00,8.096
2012-10-07 07:00:00,8.087
2012-10-07 07:10:00,8.011
2012-10-07 07:20:00,7.919
2012-10-07 07:30:00,7.837
2012-10-07 07:40:00,7.761
2012-10-07 07:50:00,7.632
2012-10-07 08:00:00,7.501
2012-10-07 08:10:00,7.391
2012-10-07 08:20:00,7.33
2012-10-07 08:30:00,7.4
2012-10-07 08:40:00,7.538
2012-10-07 08:50:00,7.632
2012-10-07 09:00:00,7.748
2012-10-07 09:10:00,7.846
2012-10-07 09:20:00,7.879
2012-10-07 09:30:00,7.901
2012-10-07 09:40:00,8.072
2012-10-07 09:50:00,8.346
2012-10-07 10:00:00,8.493
2012-10-07 10:10:00,8.493
2012-10-07 10:20:00,8.407
2012-10-07 10:30:00,8.316
2012-10-07 10:40:00,8.23
2012-10-07 10:50:00,8.169
2012-10-07 11:00:00,8.172
2012-10-07 11:10:00,8.221
2012-10-07 11:20:00,8.243
2012-10-07 11:30:00,8.16
2012-10-07 11:40:00,8.148
2012-10-07 11:50:00,8.191
2012-10-07 12:00:00,8.279
2012-10-07 12:10:00,8.316
2012-10-07 12:20:00,8.362
2012-10-07 12:30:00,8.41
2012-10-07 12:40:00,8.557
2012-10-07 12:50:00,8.661
2012-10-07 13:00:00,8.731
2012-10-07 13:10:00,8.74
2012-10-07 13:20:00,8.746
2012-10-07 13:30:00,8.801
2012-10-07 13:40:00,8.914
2012-10-07 13:50:00,8.981
2012-10-07 14:00:00,8.996
2012-10-07 14:10:00,9.076
2012-10-07 14:20:00,9.18
2012-10-07 14:30:00,9.262
2012-10-07 14:40:00,9.488
2012-10-07 14:50:00,9.796
2012-10-07 15:00:00,10.074
2012-10-07 15:10:00,10.184
2012-10-07 15:20:00,10.199
2012-10-07 15:30:00,10.184
2012-10-07 15:40:00,10.208
2012-10-07 15:50:00,10.177
2012-10-07 16:00:00,10.202
2012-10-07 16:10:00,10.135
2012-10-07 16:20:00,9.857
2012-10-07 16:30:00,9.607
2012-10-07 16:40:00,9.57
2012-10-07 16:50:00,9.537
2012-10-07 17:00:00,9.399
2012-10-07 17:10:00,9.351
2012-10-07 17:20:00,9.396
2012-10-07 17:30:00,9.491
2012-10-07 17:40:00,9.567
2012-10-07 17:50:00,9.546
2012-10-07 18:00:00,9.5
2012-10-07 18:10:00,9.506
2012-10-07 18:20:00,9.503
2012-10-07 18:30:00,9.36
2012-10-07 18:40:00,9.052
2012-10-07 18:50:00,8.783
2012-10-07 19:00:00,8.533
2012-10-07 19:10:00,8.322
2012-10-07 19:20:00,8.185
2012-10-07 19:30:00,7.919
2012-10-07 19:40:00,7.623
2012-10-07 19:50:00,7.443
2012-10-07 20:00:00,7.361
2012-10-07 20:10:00,7.532
2012-10-07 20:20:00,7.995
2012-10-07 20:30:00,8.481
2012-10-07 20:40:00,8.49
2012-10-07 20:50:00,8.505
2012-10-07 21:00:00,8.853
2012-10-07 21:10:00,9.143
2012-10-07 21:20:00,9.271
2012-10-07 21:30:00,9.366
2012-10-07 21:40:00,9.109
2012-10-07 21:50:00,8.844
2012-10-07 22:00:00,8.966
2012-10-07 22:10:00,9.213
2012-10-07 22:20:00,9.069
2012-10-07 22:30:00,8.914
2012-10-07 22:40:00,8.697
2012-10-07 22:50:00,8.218
2012-10-07 23:00:00,7.946
2012-10-07 23:10:00,8.044
2012-10-07 23:20:00,8.12
2012-10-07 23:30:00,7.766
2012-10-07 23:40:00,7.528
2012-10-07 23:50:00,7.605
